id,contract_id,extension_number,extension_term_text,extension_term_days,extension_date,new_end_date
19940672-fefc-483c-8c3e-635b2d85b6db,41bbc752-315b-4988-9761-27159d95c3c5,1,7 meses,210.0,,
ca047a0f-ca8f-4c45-93db-d2f860abceb0,41bbc752-315b-4988-9761-27159d95c3c5,2,2 meses,60.0,,
db30958a-41c8-4f68-8164-6b8f58724c53,a463747f-9dbf-41b1-b6d2-bc4a2f3223d1,1,7 meses y 15 dias,225.0,,
30a3de48-95d4-419b-a5b1-29d5e7217a01,a463747f-9dbf-41b1-b6d2-bc4a2f3223d1,2,3 meses,90.0,,
1fcba21d-f175-4218-bbe0-55edae4d86fb,a463747f-9dbf-41b1-b6d2-bc4a2f3223d1,3,2 meses,60.0,,
27a7bfa5-a8b7-4f38-84d1-9c79944dc633,a463747f-9dbf-41b1-b6d2-bc4a2f3223d1,4,5 meses,150.0,,
7a6555d2-29b4-493e-b19a-0c3c0a59f066,a463747f-9dbf-41b1-b6d2-bc4a2f3223d1,5,1 mes,30.0,,
a1d7af20-7d8b-48ea-86ee-9812ef80ca23,a463747f-9dbf-41b1-b6d2-bc4a2f3223d1,6,15 días,15.0,,
95e90a37-0048-4f5c-a8a6-4dceff5db933,a463747f-9dbf-41b1-b6d2-bc4a2f3223d1,7,3 meses,90.0,,
a31c32f6-70eb-43da-948b-1c4c13ed35b9,a463747f-9dbf-41b1-b6d2-bc4a2f3223d1,8,3 meses,90.0,,
12c56449-5810-450e-94c1-7a95d3073724,a463747f-9dbf-41b1-b6d2-bc4a2f3223d1,9,1 mes,30.0,,
d2a6c0e4-82e3-4641-87e6-5fa5dbe04d40,a463747f-9dbf-41b1-b6d2-bc4a2f3223d1,10,15 días,15.0,,
10711430-1be9-4149-b46f-249ab7ef2905,a463747f-9dbf-41b1-b6d2-bc4a2f3223d1,11,11 días,11.0,,
3335cafa-55ba-41d7-ad70-94fa43f7c061,a463747f-9dbf-41b1-b6d2-bc4a2f3223d1,12,2 meses,60.0,,
1063ecfa-1264-4df5-a289-ffe1899a9dd4,a463747f-9dbf-41b1-b6d2-bc4a2f3223d1,13,23 días,23.0,,
a57cacad-1ff3-4c7f-88c8-c3611df0c006,a463747f-9dbf-41b1-b6d2-bc4a2f3223d1,14,28 días,28.0,,
ae8aead1-aeb1-4f89-987e-413add5fa0be,f5069cb9-8d2b-40f7-bb72-191ccf99c97d,1,45 DIAS,45.0,,
743b182f-608a-4fd3-b1e4-bcbfadcf9640,f5069cb9-8d2b-40f7-bb72-191ccf99c97d,2,45 DIAS,45.0,,
e30e675b-d220-4a26-99e9-1b4a881ad4e5,956f5f9f-1be7-4d38-9a7e-ecf4464f7225,1,7 meses 10 dias,220.0,,
18231cb7-ce9f-4de3-9ef1-ae63b1b7b4a2,956f5f9f-1be7-4d38-9a7e-ecf4464f7225,2,3 meses,90.0,,
452f62cb-5b46-4f42-9ea1-785b7af16ad1,956f5f9f-1be7-4d38-9a7e-ecf4464f7225,3,16 dias,16.0,,
3781d196-79d7-41dd-9ea5-f53a5e5df946,956f5f9f-1be7-4d38-9a7e-ecf4464f7225,4,12 dias,12.0,,
b507e700-b4b9-4236-a6f5-b88e3913f79a,956f5f9f-1be7-4d38-9a7e-ecf4464f7225,5,17 dias,17.0,,
9f8269fd-231d-437a-ae06-8c98cb023eee,956f5f9f-1be7-4d38-9a7e-ecf4464f7225,6,6 meses,180.0,,
5f53cc5b-bac4-44d6-81ef-e59861043b2f,956f5f9f-1be7-4d38-9a7e-ecf4464f7225,7,15 días,15.0,,
5fb02043-faa6-47d2-8376-9e2a15ec2945,956f5f9f-1be7-4d38-9a7e-ecf4464f7225,8,3 meses,90.0,,
2e27fadd-a1ea-429e-a9aa-8dc352338564,956f5f9f-1be7-4d38-9a7e-ecf4464f7225,9,3 meses,90.0,,
c08819a8-f462-49d6-8f08-2e69df3be2c4,956f5f9f-1be7-4d38-9a7e-ecf4464f7225,10,1 mes,30.0,,
8092e4d9-d375-4680-863f-1949c413132d,956f5f9f-1be7-4d38-9a7e-ecf4464f7225,11,15 días,15.0,,
e1557a6f-daf1-4995-a7bd-1ce1661bd050,956f5f9f-1be7-4d38-9a7e-ecf4464f7225,12,11 días,11.0,,
9c875afa-0b7c-4e92-8672-9b49846d8008,956f5f9f-1be7-4d38-9a7e-ecf4464f7225,13,2 meses y 23 días,83.0,,
ba341357-6a6c-407f-9701-6356bf7f8b66,956f5f9f-1be7-4d38-9a7e-ecf4464f7225,14,28 días,28.0,,
faa5d4ae-6a77-484e-b97a-38716b3bf09b,674fe586-0c01-4c9c-a222-c0278330150b,1,4 MESES 20 DIAS,140.0,,
4adc7eb2-2257-43c2-bffe-0997642602de,674fe586-0c01-4c9c-a222-c0278330150b,2,1 MES 8 DIAS,38.0,,
47406bfb-c59c-40ef-bf93-0a7ab6089a9a,674fe586-0c01-4c9c-a222-c0278330150b,3,5 MESES,150.0,,
7dfd6c59-f974-4d7a-8573-e50dd9a269ea,674fe586-0c01-4c9c-a222-c0278330150b,4,9 MESES,270.0,,
d8e38d66-6841-421a-bb8f-b6e9802b7688,674fe586-0c01-4c9c-a222-c0278330150b,5,120 DÍAS,120.0,,
23a734cf-3761-490e-8fa0-41f72ad855c6,674fe586-0c01-4c9c-a222-c0278330150b,6,3 MESES,90.0,,
518af715-3768-48ef-af34-993eb58181e3,674fe586-0c01-4c9c-a222-c0278330150b,7,2 MESES,60.0,,
a264db81-480c-4b57-b326-bc36573ac69e,674fe586-0c01-4c9c-a222-c0278330150b,8,2 MESES,60.0,,
6c674cab-0d26-4656-9726-7daa7d5cf07f,674fe586-0c01-4c9c-a222-c0278330150b,9,2 MESES,60.0,,
457e700a-9fa3-41b0-850e-73b2a382fa5a,8abcd97a-5d14-49f3-b63c-11c3ea21e235,1,30 DIAS,30.0,,
463348da-580d-49b3-aad3-6afe71ecca18,8abcd97a-5d14-49f3-b63c-11c3ea21e235,2,11 DIAS,11.0,,
09647ff6-915e-46b4-a1de-94b55fbcb31f,8abcd97a-5d14-49f3-b63c-11c3ea21e235,3,26 DIAS,26.0,,
fb8311ae-0af7-4463-ad29-e182031677cf,8abcd97a-5d14-49f3-b63c-11c3ea21e235,4,1 MES 5 DIAS,35.0,,
b8041419-4cba-460b-b101-d36935f895f2,8abcd97a-5d14-49f3-b63c-11c3ea21e235,5,86 DIAS,86.0,,
435c8656-9657-4703-839f-3f1238c14d73,8abcd97a-5d14-49f3-b63c-11c3ea21e235,6,2 MESES,60.0,,
5b0c1475-266e-4be5-99a5-081d15db66a3,e2b0952b-dbda-4091-ac0a-da837afd6ba0,1,45 DIAS,45.0,,
8e4d9b07-5cff-4177-8bd5-9ff4741f5fd7,e2b0952b-dbda-4091-ac0a-da837afd6ba0,2,30DIAS,30.0,,
6e5b0b53-3de6-4311-b285-9914fcdacc65,e2b0952b-dbda-4091-ac0a-da837afd6ba0,3,15 DIAS,15.0,,
f3040fbf-9e7c-4aa1-a0ee-cb8aada23112,3cac9082-a7fb-4468-970e-093bfdc39570,1,2 MESES,60.0,,
0f90e0ec-4736-433d-86e5-dd07743bca74,3cac9082-a7fb-4468-970e-093bfdc39570,2,1 MES,30.0,,
6348c9c4-cb22-412b-a4a0-df157c4a09d9,9178acb4-715a-4796-a2e5-6cbc4c9cd9b5,1,30 DIAS,30.0,,
a4ae1ef5-d077-4ac5-8b97-2967ecbc4c6a,9178acb4-715a-4796-a2e5-6cbc4c9cd9b5,2,45 DIAS,45.0,,
5c778e5d-c60f-4d63-b46f-9b41762d5107,c867108f-b573-4822-9aad-d7b1f9b6afa2,1,5 MESES 10 DIAS,160.0,,
1d1e5be8-efbc-4c3d-8e0d-acebc7aa048c,d5fa3de0-cfc2-4b89-8fe0-89b8cb148d85,1,72 DIAS,72.0,,
cb9d2789-dc22-4d0a-b774-a5d060289a86,d5fa3de0-cfc2-4b89-8fe0-89b8cb148d85,2,14 DIAS,14.0,,
34b6b42f-27e1-4c07-9ea4-76dc7a133baa,6497c26f-d665-4715-81ea-2ba034025abf,1,4 meses,120.0,,
c854938d-fd7c-4a34-8067-cdc2e4602d63,6497c26f-d665-4715-81ea-2ba034025abf,2,5 meses,150.0,,
64227904-cdec-4352-ae7e-42b46a2c89ab,6497c26f-d665-4715-81ea-2ba034025abf,3,1 mes,30.0,,
acdcf3cf-bc52-4fc6-b55d-33c1e8e013c8,b11bc672-c57f-49c9-afc2-ee332bc37803,1,5 meses,150.0,,
e7e69cbc-d56d-49ad-a86f-3895c23c954b,b11bc672-c57f-49c9-afc2-ee332bc37803,2,4 meses,120.0,,
70fce385-04b2-4325-a515-e3a5e8cd85e9,b11bc672-c57f-49c9-afc2-ee332bc37803,3,1 mes,30.0,,
0891f18b-37cf-4c43-b491-5863723063e9,e028fb17-dcaa-49e2-9b7e-dd5d7c957c6d,1,45 dias,45.0,,
4306e39f-3e2e-4838-bd7e-1d2196f6d4b2,8ecf1438-d3f6-43f1-a56c-d1cbe8dd8bc8,1,72 DIAS,72.0,,
22aef538-dd90-4066-81eb-d36cc672601f,8ecf1438-d3f6-43f1-a56c-d1cbe8dd8bc8,2,14 DIAS,14.0,,
8a913674-46d3-4822-bee6-eaf88acad1bd,fcec6210-9c48-42ef-95e8-0b5e8217702d,1,32 DIAS,32.0,,
6e878fb8-fe90-4075-b9e2-d174de817d83,fcec6210-9c48-42ef-95e8-0b5e8217702d,2,2 MESES,60.0,,
e51f70db-04f5-4963-b8b6-5450421df315,fcec6210-9c48-42ef-95e8-0b5e8217702d,3,4 MESES,120.0,,
9a39d4d1-11f6-4232-9e9f-6b8e060ca1ff,fcec6210-9c48-42ef-95e8-0b5e8217702d,4,4 MESES,120.0,,
8e77ccb9-173d-486b-81b5-537100c6b008,ddf83f28-4892-4b85-941c-0d3503c73311,1,5 MESES,150.0,,
e3055841-260a-4e27-96c3-1b9600942457,ddf83f28-4892-4b85-941c-0d3503c73311,2,4 MESES,120.0,,
e30700b5-79ca-43fe-9015-8c9ed07be3b9,ddf83f28-4892-4b85-941c-0d3503c73311,3,29 DIAS,29.0,,
de2737b0-654f-47f3-9e0a-ce52c80849e9,c2081d6e-9b70-4e64-a09b-01855a4414c3,1,10 dias,10.0,,
133421c8-bbe5-4517-bf66-adf891e261a6,f1411ba6-7674-46a7-ae80-4836db5f1ae1,1,25 dias,25.0,,
8ca35b0e-c3f8-4917-902d-cd43cf4156ab,f1411ba6-7674-46a7-ae80-4836db5f1ae1,2,28 DIAS,28.0,,
c5e02929-0835-47b3-a46c-b96d4580b8eb,beb16f35-b797-45c5-a583-dec8890d7a8d,1,1 MES,30.0,,
cfda9a33-0e2a-40df-8e28-1813969d2412,add65523-7cc8-4409-8436-1b4b6e72d74c,1,21 DIAS,21.0,,
1a2fbc68-78a1-441b-90fa-a7856495bba0,93db5133-8707-403d-940e-3504660cb557,1,48 DIAS,48.0,,
81721a1c-0c77-44e1-8471-55a6ff9b8698,93db5133-8707-403d-940e-3504660cb557,2,2 MESES,60.0,,
57dc637e-f540-4e82-b720-b584ba862ad2,f9e85ef9-a2b3-401c-8304-7a85da944a2c,1,54 DIAS,54.0,,
a8ffda59-ac07-4621-ad04-86581648e566,f9e85ef9-a2b3-401c-8304-7a85da944a2c,2,60 DIAS,60.0,,
da14ff6a-e7f7-4500-beb2-3410adf013f7,f9e85ef9-a2b3-401c-8304-7a85da944a2c,3,72 DIAS,72.0,,
cfd2bff4-4cf4-4e84-9e5e-b3bd2ef58fb5,f9e85ef9-a2b3-401c-8304-7a85da944a2c,4,1 MES,30.0,,
d29dd154-d466-4988-95d5-28d56a402484,f9e85ef9-a2b3-401c-8304-7a85da944a2c,5,2 MES,60.0,,
29aab22d-5250-4148-be4d-adf7aa4b5b88,f9e85ef9-a2b3-401c-8304-7a85da944a2c,6,1 MES,30.0,,
88246b91-0e35-4358-894f-af532c11e836,86ce35fb-16dc-4a6f-8b4b-a06334c19a74,1,30 dias,30.0,,
f72161e0-38f2-4e68-80e3-8d3481abe279,1a01ebb2-4add-4415-a314-94d79c1edb1f,1,10 DIAS,10.0,,
9625e076-d3d8-4f54-9a80-b64ca2db2f08,00dbfd28-abe5-417a-ac4d-0702c3502153,1,8 DIAS,8.0,,
c501ed2f-1797-45b1-b934-54c0e73c5b5e,0da88a85-42b9-4529-88ca-31097d3df83e,1,1 MES,30.0,,
005884a4-0345-467a-9d36-cdded0f8ae97,0da88a85-42b9-4529-88ca-31097d3df83e,2,8 dias,8.0,,
e28f8cb2-0810-4ecd-acaa-f81e04064c47,2a7fce8a-bcd1-4c38-a35c-14a11782c2b6,1,12 dias,12.0,,
a1871f60-b1c1-4cbc-9e48-f26bbe5c2c1f,397019de-8f02-4a35-b094-87b2a4307e00,1,4 meses,120.0,,
3280b54f-ac73-43ec-af0c-528aecc46c29,16231b91-e560-4e85-baca-038f94d3e408,1,38 DIAS,38.0,,
0cdfa8fb-1a6c-4547-ab8b-07f7d0376ac0,16231b91-e560-4e85-baca-038f94d3e408,2,58 DIAS,58.0,,
ae0b0fec-7ee1-4387-b2b4-9659ad0bf17f,1a2b9149-8e85-46c6-909c-c45b792b4188,1,48 DIAS,48.0,,
92d8bcc5-8097-48a9-a0c0-a60845e02ba7,04c4b089-e1c1-4c5f-94d3-04450cb053b5,1,42 DIAS,42.0,,
16a6dee7-33ff-4cd8-91d3-c6fe2d8442ad,04c4b089-e1c1-4c5f-94d3-04450cb053b5,2,50 DIAS,50.0,,
395b0b1d-f07d-434f-b900-e0fe740c18b9,04c4b089-e1c1-4c5f-94d3-04450cb053b5,3,11 DIAS,11.0,,
e73fd2d5-f542-4d49-a66b-81d3ace9106f,fa31d417-0bd3-4dea-a921-5cc47ce50750,1,42 DIAS,42.0,,
520898bf-ae98-4825-88d5-9981afb33245,fa31d417-0bd3-4dea-a921-5cc47ce50750,2,50 DIAS,50.0,,
c2d6a385-5ca7-4e4e-aee3-254353e53912,fa31d417-0bd3-4dea-a921-5cc47ce50750,3,11 DIAS,11.0,,
dfdd03d2-d6d2-4e01-b4ef-636212de3421,1f3b5c43-e1ce-4476-931d-85c7144db12a,1,16 DIAS,16.0,,
9c36fd7e-91c3-4bad-bfc3-61385508776b,1f3b5c43-e1ce-4476-931d-85c7144db12a,2,50 DIAS,50.0,,
d171d91d-56f6-4e5a-bf31-c8d32abb7216,1f3b5c43-e1ce-4476-931d-85c7144db12a,3,15 DIAS,15.0,,
da072a0b-eb33-4c1b-b208-26b68f5c0e88,bbd84d17-9287-4114-ac1f-8e37f4a07d4c,1,1 MES 24 DIAS,54.0,,
0e921692-1bb4-4786-b63b-a540273a0675,bbd84d17-9287-4114-ac1f-8e37f4a07d4c,2,15 DIAS,15.0,,
b42bd654-79ac-453a-be16-bf31d234290c,dbf963f4-08ee-4a9f-be43-e6ebf50f6f3c,1,1 MES 28 DIAS,58.0,,
ccec7661-d9d9-4500-9803-ac0154156bcf,4da7409d-bbed-4b81-aae2-a944174f3001,1,1 MES 28 DIAS,58.0,,
5bfa5524-5a39-4cc7-9e55-15f110a3947c,61ba1de1-44a9-47bd-bb92-db0111c90be3,1,1 MES 28 DIAS,58.0,,
4270af2f-156c-4686-9cf9-488674432427,c1084585-2718-47be-a641-e543f167fb85,1,2 MESES 12 DIAS,72.0,,
444db212-7684-4e59-8eb2-b238f7e51a0d,c1084585-2718-47be-a641-e543f167fb85,2,2 MESES 15 DIAS,75.0,,
26787c64-97f7-443e-93c8-6a6d897ed68e,c1084585-2718-47be-a641-e543f167fb85,3,23 DIAS,23.0,,
91710553-4654-4767-b0a3-1d31fe9396ff,0bce10f3-a562-4d6a-bb64-dcd065aeb7eb,1,1 MES 28 DIAS,58.0,,
6714b5cd-137d-4896-b122-13e8a1efe581,52ee09f2-2fc2-4aab-9e78-38be305707f2,1,2 MESES 12 DIAS,72.0,,
707df99c-fc2f-4ea2-88b8-1ba058f2b0bc,52ee09f2-2fc2-4aab-9e78-38be305707f2,2,2 MESES 15 DIAS,75.0,,
bd263017-2075-4763-b043-978147925bb6,52ee09f2-2fc2-4aab-9e78-38be305707f2,3,23 DIAS,23.0,,
71f4172a-170d-43b6-aa6c-d20c6bc6c665,f8313ff5-4cf7-4b85-a433-750b2b148ae3,1,20 DÍAS,20.0,,
ec736240-cf89-4283-a0d8-26deab7fe370,f8313ff5-4cf7-4b85-a433-750b2b148ae3,2,15 DÍAS,15.0,,
970a9fbf-d136-499e-b108-9d628d1408e7,7d8c4703-bd0f-4e33-9a03-ad41b3d4d88f,1,20 DÍAS,20.0,,
bab21cd0-ea61-4234-983a-0b1016ebaf2f,7d8c4703-bd0f-4e33-9a03-ad41b3d4d88f,2,15 DÍAS,15.0,,
ef24220e-0f2f-4846-b683-14ced1a73e1e,63bacaf4-ce2f-4e1b-b138-34bf45c8dc3c,1,1 MES 11 DIAS,41.0,,
8e07d5f7-a336-4a22-83dc-d67cf9066832,a71a2361-fc40-4070-8056-6c86456a0c96,1,55 DIAS,55.0,,
8a0d3c51-f794-4428-a777-fd5ec8dbd63d,d0edf6a7-b4a3-42ff-8eb1-ce0bb9d07056,1,21 DIAS,21.0,,
b766fdf1-d716-496a-bdcc-d2131452db3c,eb96a379-61a4-4256-af36-e70a12f85937,1,58 DIAS,58.0,,
3fbb553a-6031-4eee-aa1b-28e3e3ad420b,ecff94b3-2c40-4564-8873-dce45e411fb4,1,1 MES 28 DIAS,58.0,,
a0fdd62c-fbc7-4e4e-b772-41e1bfb89f09,19e988d0-df00-449b-be51-92ebeeab93f0,1,58 DIAS,58.0,,
8d3a2d88-e634-4a7e-8279-7359e8d12480,22b7135f-da09-4895-8506-1b4c347433b9,1,2 MESES Y 2 DIAS,62.0,,
8dcf6ac3-81d9-441c-9534-7c0ab8286b4c,dd41d272-f954-4702-b227-5ef9d8597f73,1,45 DIAS,45.0,,
0710ee69-14d8-4167-b8dd-cab00fcb9beb,a2163045-0580-4d21-8e37-1251b0cf9acf,1,5 DIAS,5.0,,
bd8e40d3-2300-4b1b-899e-c74ee63efb33,a2163045-0580-4d21-8e37-1251b0cf9acf,2,3 MESES 26 DIAS,116.0,,
a19dad1d-e19e-4b02-b011-c090b529b5dc,1fc54cbf-b2c8-4900-822d-161af64f2c81,1,45 DIAS,45.0,,
32a94618-186d-429d-98cd-0394c68ea7db,45e7c582-0774-488d-bf1d-2ba3200f4c14,1,7 DIAS,7.0,,
88eb0170-6405-40df-a999-1d5192bc5191,ac495c43-21a2-4d9e-8d37-7204ea57c9c0,1,1 MES,30.0,,
32d3e5f8-8f28-4ce8-8528-e9e0ba9fb550,ac495c43-21a2-4d9e-8d37-7204ea57c9c0,2,10 MESES Y 2 DÍAS,302.0,,
be4b7080-c70b-41f7-bf42-cc1bbfd6568b,3f3ed696-3846-4962-82de-a0a5a707bdaf,1,13 DIAS,13.0,,
9b72c0ba-07b8-4579-a530-bf583e41a8db,3f3ed696-3846-4962-82de-a0a5a707bdaf,2,30 DIAS,30.0,,
0ec5fc62-700b-44b3-8ef2-1ceb55f09520,3f3ed696-3846-4962-82de-a0a5a707bdaf,3,18 DIAS,18.0,,
8448f972-f75c-491a-9ed6-1bf1ffae5d92,3f3ed696-3846-4962-82de-a0a5a707bdaf,4,8 DIAS,8.0,,
a25c470d-71c3-4707-b0a6-09588e1745ce,708011c8-092b-4072-899d-5b87a211e884,1,1 MES,30.0,,
fa0598ba-d834-4c2d-8a6f-e83cac2b9110,708011c8-092b-4072-899d-5b87a211e884,2,10 MESES Y 2 DÍAS,302.0,,
1fe06bc9-c358-4164-96c8-4349141f5bc6,f5d172cf-90f1-4eb6-a4b0-76495386594f,1,TRES (3) MESES,,,
67778a90-5549-4f76-a4dd-b32591943a87,3c6da88f-f633-48c8-8bac-f8598a7a86d1,1,UN (1) MES Y UN(1) DÍA,,,
df2fd5f8-539e-41fc-bff9-7e1354acfa74,3c6da88f-f633-48c8-8bac-f8598a7a86d1,2,TRES(3) MESES,,,
fe4f8c32-a58c-4eef-95a1-d019b54b9f76,aea64dcd-0c2c-4571-a2ec-df6f03902987,1,CUATRO (4) MESES,,,
7822171d-99b5-47ee-a3c8-e51d79ffb1b6,aea64dcd-0c2c-4571-a2ec-df6f03902987,2,CUATRO (4) MESES,,,
2f055de5-3abc-4049-9db0-1140c62dfcc8,aea64dcd-0c2c-4571-a2ec-df6f03902987,3,UN (1) MES,,,
968a224e-3488-4d59-a712-7e850f9baa50,aea64dcd-0c2c-4571-a2ec-df6f03902987,4,UN (1) MES,,,
ff84e6b4-404a-4229-8ab0-d485b9b72bc1,aea64dcd-0c2c-4571-a2ec-df6f03902987,5,UN (1) MES,,,
c0a695c7-0093-42fa-aba9-e1a72ffb7c89,aea64dcd-0c2c-4571-a2ec-df6f03902987,6,UN (1) MES,,,
11874275-43ea-4c1e-b6f8-ba1e719afea9,fd958d0b-a572-436e-a380-39b3cd8fb257,1,CUATRO (4) MESES,,,
cd79e02c-c718-4127-82f1-bbce850c9950,fd958d0b-a572-436e-a380-39b3cd8fb257,2,CUATRO (4) MESES,,,
61bd3b18-4003-42cd-87d4-1e39c194c8e9,fd958d0b-a572-436e-a380-39b3cd8fb257,3,UN (1) MES,,,
dadd0013-c03d-4d91-8fe5-f9d8c2474dd9,fd958d0b-a572-436e-a380-39b3cd8fb257,4,UN (1) MES,,,
6c68964a-af83-4be0-9447-ef38e7bf09b5,14c7e6ca-7804-47ed-beb7-be3a35979ff2,1,UN (1) MES Y VEINTIUN (21) DÍAS,,,
77366a59-c389-4dd3-b812-dadb3586e58f,14c7e6ca-7804-47ed-beb7-be3a35979ff2,2,CUATRO (4) MESES,,,
965a6a4d-ed65-4392-b6a2-334f21784517,14c7e6ca-7804-47ed-beb7-be3a35979ff2,3,DOS (2) MESES,,,
0f85970e-c8cf-4397-8332-90aaa8b1fbda,14c7e6ca-7804-47ed-beb7-be3a35979ff2,4,TRES (3) MESES,,,
30ad226d-c46d-45da-a08b-f8e8cdd0abb8,14c7e6ca-7804-47ed-beb7-be3a35979ff2,5,DOS (2) MESES,,,
2a01d571-6551-4283-bcba-f0d444840825,14c7e6ca-7804-47ed-beb7-be3a35979ff2,6,DOS (2) MESES Y CUATRO (4) DIAS,,,
f22f71d9-0a9e-4199-a3be-dadbfd6cdc78,14c7e6ca-7804-47ed-beb7-be3a35979ff2,7,DIEZ (10) DÍAS,,,
6a819676-d0c7-4fe1-b8d5-cdf8424e86bd,14c7e6ca-7804-47ed-beb7-be3a35979ff2,8,UN (1) MES,,,
16796bad-2d0a-467f-b616-1e0cdb707be1,14c7e6ca-7804-47ed-beb7-be3a35979ff2,9,TRES (3) MESES,,,
286bf7e0-310a-42e9-acc8-2b3486787c2d,33632ef3-51fd-4f9e-b43c-26a461b166f2,1,UN (1) MES Y VEINTIUN (21) DÍA,,,
4bacfefc-6195-43e5-915b-2613cc38900e,33632ef3-51fd-4f9e-b43c-26a461b166f2,2,CUATRO (4) MESES,,,
1abd5cba-c71a-4651-9664-b1e8a4d29668,33632ef3-51fd-4f9e-b43c-26a461b166f2,3,DOS (2) MESES,,,
0c36726d-1fb5-4172-999c-f902cbcea518,33632ef3-51fd-4f9e-b43c-26a461b166f2,4,TRES (3) MESES,,,
47407726-d910-4ba4-856a-b824b140cb49,33632ef3-51fd-4f9e-b43c-26a461b166f2,5,DOS (2) MESES,,,
f1aaaddc-5806-4738-accb-87e9e530604c,33632ef3-51fd-4f9e-b43c-26a461b166f2,6,DOS (2) MESES Y CUATRO (4) DIAS,,,
2a10f1be-2aea-4199-a0ad-0837dfb92c9e,33632ef3-51fd-4f9e-b43c-26a461b166f2,7,DIEZ (10) DÍAS,,,
d093341c-bb21-479b-a8c8-d7d5c4f0ee97,33632ef3-51fd-4f9e-b43c-26a461b166f2,8,UN (1) MES,,,
0dd7096e-e08b-4cdd-bdb8-0f213ddf044a,33632ef3-51fd-4f9e-b43c-26a461b166f2,9,TRES (3) MESES,,,
f9c090d6-3ab2-4e2f-9766-543446effadd,dbe8eb05-542a-4b9b-8084-3e2f85928df4,1,21 DÍAS,21.0,,
f130759a-43dc-4d98-9244-e501282d5cc6,7011eac3-9233-4863-b850-abd18d7639c5,1,21 DÍAS,21.0,,
edb162c1-461d-461c-a741-57f0c09ce633,0815f2a9-aa09-45e7-96a3-9ddf9c88067b,1,12 DÍAS,12.0,,
b92337e7-5f26-4cba-8b7d-d08aa0b54c68,dfb455fc-4640-4043-85c5-37db95a7ecdb,1,SEIS (6) MESES,,,
3dabc604-6c46-4cb8-902b-79a0ec94a803,f39071cb-ba77-40ff-ad23-ab71dfc64d0c,1,15 DÍAS,15.0,,
163bae34-3696-442e-b292-4576972d1196,aa29c2a1-1ae8-4750-9c7f-00ce8815da91,1,DOS (2) MESES,,,
24d750cd-a936-4d00-8758-b0c237d2b1bc,aa29c2a1-1ae8-4750-9c7f-00ce8815da91,2,UN (1) MES,,,
785e9b65-9798-4916-9016-be3451b4f2c9,e11db872-f008-49e2-808b-7b3671f1cb9d,1,1 MES,30.0,,
6953f047-4ab6-49bb-a6fd-b1f3e886f5b3,e11db872-f008-49e2-808b-7b3671f1cb9d,2,1 MES,30.0,,
59d017a9-588c-4a3c-9d0f-f9a66759a91f,86885dd6-f42b-42f5-becf-ed81d95f964d,1,1 MES,30.0,,
6b709d6e-ce06-4f7f-bba1-a3d4e4548988,86885dd6-f42b-42f5-becf-ed81d95f964d,2,10 DÍAS,10.0,,
d94cdbf8-9186-40ee-badf-f38bf9fed210,86885dd6-f42b-42f5-becf-ed81d95f964d,3,1 MES,30.0,,
8e95456d-0280-4389-bbb7-cc7c84c1a5b1,9f861d6e-619f-4e16-a2dd-70ae4e65e10d,1,1 MES,30.0,,
e4c4fdf4-1ea7-4186-b020-d129949d4ebb,9f861d6e-619f-4e16-a2dd-70ae4e65e10d,2,1 MES,30.0,,
a9a6c103-2125-4f24-802c-963aa29a674a,e56e82f1-edfe-4bef-b743-58f58cebac91,1,1 MES,30.0,,
144ddf71-b25a-4493-b43b-6cbd7dde1cf6,8be83b54-933c-4912-9369-fadf7614c634,1,1 MES,30.0,,
e646c0f6-98a8-430c-867e-7ee44d081553,8be83b54-933c-4912-9369-fadf7614c634,2,1 MES,30.0,,
77870460-81c5-4d20-b052-68cfb2538fe5,a0a8a8bb-7534-4d2a-8c21-f6010b8c8ce5,1,30 DIAS,30.0,,
9e82b0a1-940a-4008-afab-3672b4f94189,2825d477-3a1a-43d2-b372-23d2b73f01c1,1,DOS (2) MESES,,,
d62338ca-6d28-4fc8-8b1b-2819869434ba,2825d477-3a1a-43d2-b372-23d2b73f01c1,2,TRES (3) MESES,,,
5de5e864-8605-441d-b37d-a5e59d124375,3c501fe7-6d51-421f-a8a9-302153361667,1,DOS (2) MESES,,,
bea23f60-27a5-4c63-ace6-c3b7cba65f0d,f95cc881-03ff-42f5-b309-26669557eec1,1,DOS (2) MESES,,,
eabcd0a5-c560-49ff-ae91-0040fd5d6ac6,f95cc881-03ff-42f5-b309-26669557eec1,2,DOS (2) MESES CINCO (5) DIAS,,,
6ff688eb-b6b0-4b13-b745-edce16dec9df,45c06435-9955-46a7-8b21-8f56ebf91bc6,1,DOS (2) MESES,,,
197dece4-0c15-411f-9f21-1e915592c7ac,45c06435-9955-46a7-8b21-8f56ebf91bc6,2,DOS (2) MESES CINCO (5) DIAS,,,
0889dfe8-ffe9-481b-8b1d-654bdb321f32,60e6c85d-62fe-4879-81ff-48d56b532b6e,1,DOS (2) MESES,,,
9eb543a5-bb4c-4889-b4b5-5eb4c4dba723,60e6c85d-62fe-4879-81ff-48d56b532b6e,2,DOS (2) MESES,,,
4dd402a2-5229-4fda-94da-4bae560a8e30,02a75e72-38c6-4f43-a8d2-a42170a0d0ee,1,DOS (2) MESES,,,
d2fc7087-d456-4e12-930a-0582c40cbcef,02a75e72-38c6-4f43-a8d2-a42170a0d0ee,2,DOS (2) MESES CINCO (5) DIAS,,,
90874957-a49c-4984-8294-e796a518067f,33fea159-f2dd-45d8-bbaa-93a79843a8e6,1,DOS (2) MESES,,,
8863ec49-5698-45b2-bafc-05fbc0855f35,4ef51255-a12a-43fb-a710-01e3616e6931,1,DOS (2) MESES,,,
e9cb0527-512a-4c0d-b14b-9204cef4d4ee,dc6349db-d9bf-42c6-b522-af01c8a93cba,1,DOS (2) MESES,,,
f5745b84-8bdc-4646-9d2c-d2f54ade10c8,dc6349db-d9bf-42c6-b522-af01c8a93cba,2,DOS (2) MESES CINCO (5) DIAS,,,
9a509d81-7117-4c0a-9f36-9e4808344f35,f9103b2e-9aaa-4bd0-92c1-e5f2594a4210,1,DOS (2) MESES,,,
9ab9a2bf-ad46-4d52-9de9-62dfbca39ba1,ba2dc35e-315a-4129-bca9-3ef6f8e7daa4,1,DOS (2) MESES,,,
78363629-30e0-4a32-b173-c5d1bf5eeb36,d11a9d81-7b81-4adb-a877-d805d460cba4,1,TRES (3) MESES VEINTIDOS (22) DIAS,,,
f12959a2-93fc-4c35-b1f7-e60f504f458a,fe426147-b69d-4bfb-a2a1-fcabf8bd4413,1,TRES (3) VEINTIUN (21) DIAS,,,
52ff8bc2-430a-4e9c-ab0f-362000cecfaa,5ecbaae6-cb64-4e97-ae76-f5f0ddf88884,1,UN (1) MES,,,
3da2b288-1cdc-4f51-863a-c61fdbd678e8,518c7861-c100-47e6-9207-ae2b52e7a45f,1,VEINTICINCO (25) DÍAS,,,
600e4c3f-69e7-4da9-a080-bd9af8072da1,518c7861-c100-47e6-9207-ae2b52e7a45f,2,TREINTA (30) DÍAS,,,
4ad9fd8d-957c-481e-a44f-4477b249eb57,518c7861-c100-47e6-9207-ae2b52e7a45f,3,TREINTA Y UN (31) DÍAS,,,
d4de984c-066e-4d7a-bb0a-393cb33f128c,518c7861-c100-47e6-9207-ae2b52e7a45f,4,DOS (2) MESES Y VEINTINUEVE (29) DÍAS,,,
b8ba899f-6587-4aa3-bea9-aba228d10f7b,c5b0f43c-ee1c-4e77-b98f-0b52a8a47526,1,UN (1)MES TRECE (13)DIAS,,,
d6452e9f-155b-4408-aa3d-6a67c1edf213,9dcfb73a-19e9-4b14-a1d4-bdb78614215e,1,QUINCE (15) DIAS,,,
ee4d6639-3d78-42a4-8679-3abefaca177f,4a4f7997-4406-475e-b8d8-2fa0d130ca4d,1,DOS (2) MESES,,,
349b904b-066a-42e0-b1d3-df2afe300366,355bb8f5-681b-4000-a6ef-641d2bda8360,1,QUINCE (15) DIAS,,,
23c4a856-b028-43af-8ec5-3035cb7dc126,abeed855-3a9d-4c8e-8bef-da4b4a282ff0,1,QUINCE (15) DIAS,,,
7e4fb1d4-af51-4dc1-95ca-0874559c7afa,bb86f66b-e92c-4f8f-837c-37023e7d6e3e,1,QUINCE (15) DIAS,,,
b385b693-1478-4262-97b0-6143b1e980d5,ad1b7114-dcc4-4e6b-a1e0-e0005e55d6f5,1,QUINCE (15) DIAS,,,
96ebde6b-4cb2-4696-a434-ced5e7d6e312,cbc56e50-6a3c-431d-8c38-1dddcd269148,1,QUINCE (15) DIAS,,,
f45d26ac-3da9-495c-bf13-7c1a8537b725,d59f0ae3-a763-41e6-9eb7-3c52297829ff,1,UN (1) MES,,,
cd60cea0-60be-4d23-846c-c96fa0a12650,e0bc8caf-a5f8-41d8-a5eb-1ffe4975478b,1,QUINCE (15) DIAS,,,
